title,genre,director,country,year
?,драматический фильм,Ханун Брамантйо,Индонезия,2011
4 маленькие девочки,Исторический документальный,Спайк Ли,США,1997
4 листа фанеры,детектив,Иван Гаврилюк,Украина,1992
4 дня в мае,военная,Ахим фон Боррис,"Германия,Украина,Россия",2011
4 американских композитора,документальный,Питер Гринуэй,Великобритания,1983
Четыре,драма,Илья Хржановский,"Россия,Нидерланды",2004
3: История Дейла Эрнхардта,биографическая,Рассел Малкэхи,США,
3 ночи в пустыне,драма,Гэбриэль Коуэн,США,2014
3 идиота,комедия,Раджкумар Хирани,Индия,2009
2pac: Легенда,байопик,Бенни Бум,США,2017
2+1,драма,Хьюго Желен,"Франция,Великобритания",2016
2:37,драматический фильм,Мулари К. Теллури,Австралия,2006
2:22,триллер,Пол Карри,"США,Австралия",2017
2-Асса-2,драма,Сергей Соловьёв,Россия,2008
2 Girls 1 Cup,порнофильм,Марко Фиорито,Бразилия,2007
2 секунды,комедия,Манон Брайан,Канада,1998
2 дурня в снегу,комедия,Жан-Луи Гийерму,Франция,1977
2 дня в Париже,комедия,Жюли Дельпи,"Франция,Германия",2007
1+1: Голливудская история,комедийная драма,Нил Бёргер,США,2019
1+1,комедийная драма,Оливье Накаш,Франция,2011
01-99,комедия,Амасий Мартиросян,СССР,1959
1 Night in China,порнофильм,Шон Уолтман,США,2004
1 миля до тебя,драма,Лейф Тильден,США,2017
1%,криминальный,Стив МакКаллум,Австралия,2017
1,документальный,Пол Краудер,США,2013
0-41*,документальный,Сенна Хегде,Индия,2016
(Не)идеальные роботы,комедия,Энтони Хайнс,США,2023
«SOS» над тайгой,драма,Аркадий Кольцатый,СССР,1976
Чудотворец из Бирюлёва,игровое кино,Борис Эпштейн,СССР,1958
…и передайте привет ласточкам,"драма, военный",Яромил Йиреш,Чехословакия,1972
...а пятый всадник – Страх,"драма, военный, арт-хаус",Збынек Брыных,Чехословакия,1965
13 убийц,боевик,Такаси Миикэ,Япония,2010
13 стульев,Комедия,Эмерих Йозеф Войтек,Нацистская Германия,1938
13 призраков,фильм ужасов,Уильям Касл,США,1960
13 изгнаний дьявола,фильм ужасов,Хакобо Мартинес,,2022
13 друзей хунты,документальный,,Россия,2014
13 дней во Франции,документальный фильм,Клод Лелуш,Франция,1968
13 грехов,триллер,Даниэль Штамм,США,2014
12:08 к востоку от Бухареста,комедия,Корнелиу Порумбою,Румыния,2006
12 стульев,комедия,Марк Захаров,СССР,
12 стульев,комедия,Леонид Гайдай,СССР,1971
12 стульев,телеспектакль,Александр Белинский,СССР,1966
12 раундов: Перезагрузка,боевик,Роэль Рейн,США,2013
12 раундов,боевик,Ренни Харлин,США,2009
title,genre,director,country,year
?,драматический фильм,Ханун Брамантйо,Индонезия,2011
4 маленькие девочки,Исторический документальный,Спайк Ли,США,1997
4 листа фанеры,детектив,Иван Гаврилюк,Украина,1992
4 дня в мае,военная,Ахим фон Боррис,"Германия,Украина,Россия",2011
4 американских композитора,документальный,Питер Гринуэй,Великобритания,1983
Четыре,драма,Илья Хржановский,"Россия,Нидерланды",2004
3: История Дейла Эрнхардта,биографическая,Рассел Малкэхи,США,
3 ночи в пустыне,драма,Гэбриэль Коуэн,США,2014
3 идиота,комедия,Раджкумар Хирани,Индия,2009
2pac: Легенда,байопик,Бенни Бум,США,2017
2+1,драма,Хьюго Желен,"Франция,Великобритания",2016
2:37,драматический фильм,Мулари К. Теллури,Австралия,2006
2:22,триллер,Пол Карри,"США,Австралия",2017
2-Асса-2,драма,Сергей Соловьёв,Россия,2008
2 Girls 1 Cup,порнофильм,Марко Фиорито,Бразилия,2007
2 секунды,комедия,Манон Брайан,Канада,1998
2 дурня в снегу,комедия,Жан-Луи Гийерму,Франция,1977
2 дня в Париже,комедия,Жюли Дельпи,"Франция,Германия",2007
1+1: Голливудская история,комедийная драма,Нил Бёргер,США,2019
1+1,комедийная драма,Оливье Накаш,Франция,2011
01-99,комедия,Амасий Мартиросян,СССР,1959
1 Night in China,порнофильм,Шон Уолтман,США,2004
1 миля до тебя,драма,Лейф Тильден,США,2017
1%,криминальный,Стив МакКаллум,Австралия,2017
1,документальный,Пол Краудер,США,2013
0-41*,документальный,Сенна Хегде,Индия,2016
(Не)идеальные роботы,комедия,Энтони Хайнс,США,2023
«SOS» над тайгой,драма,Аркадий Кольцатый,СССР,1976
Чудотворец из Бирюлёва,игровое кино,Борис Эпштейн,СССР,1958
…и передайте привет ласточкам,"драма, военный",Яромил Йиреш,Чехословакия,1972
...а пятый всадник – Страх,"драма, военный, арт-хаус",Збынек Брыных,Чехословакия,1965
13 часов: Тайные солдаты Бенгази,военный,Майкл Бэй,США,2016
13 убийц,боевик,Такаси Миикэ,Япония,2010
13 стульев,Комедия,Эмерих Йозеф Войтек,Нацистская Германия,1938
13 призраков,фильм ужасов,Уильям Касл,США,1960
13 изгнаний дьявола,фильм ужасов,Хакобо Мартинес,,2022
13 друзей хунты,документальный,,Россия,2014
13 дней во Франции,документальный фильм,Клод Лелуш,Франция,1968
13 грехов,триллер,Даниэль Штамм,США,2014
12:08 к востоку от Бухареста,комедия,Корнелиу Порумбою,Румыния,2006
12 стульев,комедия,Марк Захаров,СССР,2 января 1977
12 стульев,комедия,Леонид Гайдай,СССР,1971
12 стульев,телеспектакль,Александр Белинский,СССР,1966
12 раундов: Перезагрузка,боевик,Роэль Рейн,США,2013
12 раундов,боевик,Ренни Харлин,США,2009
12 разгневанных мужчин,процессуальная драма,Уильям Фридкин,США,17 августа 1997
12 разгневанных мужчин,юридическая ,Сидни Люмет,США,1957
12 обезьян,фантастика,Терри Гиллиам,США,1995
12 могил Ходжи Насреддина,комедия,Климентий Минц,СССР,1966
12 месяцев. Новая сказка,фильм-сказка,Денис Елеонский,Россия,2015
12 месяцев,комедия,Александр Баршак,Россия,2013
12 лет рабства,историческая,Стив Маккуин,США,2013
12 дней террора,ужасы,Джек Шолдер,ЮАР,2004
«12»,психологический,Никита Михалков,Россия,2007
11.6,драма,Филипп Годо,Франция,2013
11:14,Триллер,Грег Маркс,"США,Канада",2003
11-11-11,фильм ужасов о сверхъестественном,Даррен Линн Боусман,"США,Испания",2011
11 сентября,драма,Самира Махмальбаф,"США,Иран,Франция,Израиль,Буркина-Фасо,Индия,Япония,Босния и Герцеговина,Египет,Мексика,Великобритания",2002
10 шагов к успеху,комедийная драма,Брэд Силберлинг,США,2006
10 причин моей ненависти,романтическая комедия,Джил Джангер,США,1999
10 на 10,триллер,Сьюзи Юинг,Великобритания,2018
10 миль в час,Документальное кино,Хантер Уикс,"США,США",2007
10 лет спустя,драма,Джеми Линден,США,2011
«10 000 лет до нашей эры»,приключенческий боевик,Роланд Эммерих,"США,ЮАР",2008
55 дней в Пекине,драма,Николас Рэй,США,1963
55,документальный фильм,Никита Михалков,Россия,2007
51,фантастика,Джейсон Коннери,США,2011
50 таблеток,Драма,Тео Эвгерино,США,2006
50 первых поцелуев,романтическая комедия,Питер Сигал,США,2004
50 оттенков голубого,драма,Стюарт Мейн,Новая Зеландия,2005
49 дней,драма,Генрих Габай,СССР,1962
47 ронинов,фэнтези,Карл Ринш,"США,Япония",2013
45-й калибр,драма,Гари Леннон,США,2006
45 лет,драма,Эндрю Хэйг,Великобритания,2015
44 минуты: Бойня в северном Голливуде,"боевик, драма, криминал.",Ив Симоно.,,2003
42-я улица,комедия,Ллойд Бэкон,США,1933
42 / Номер 42,драма,Брайан Хелгеленд,США,2013
40-я дверь,драма,Эльчин Мусаоглу,Азербайджан,2009
40 дней и 40 ночей,кинокомедия,Майкл Леманн,США,2002
40,детектив,Александр Галибин,Россия,2007
39-я бригада,"исторический фильм, военный, экранизация",Карой Макк,Венгрия,1959
38-я параллель,драма,Кан Джегю,Республика Корея,2004
36 безумных кулаков,боевик,Чэнь Чжихуа,Гонконг,1977
34-й скорый,Фильм-катастрофа,Андрей Малюков,СССР,1981
33,драма,Патрисия Ригген,"США,Чили,Колумбия",2015
 ,драма,Дени Вильнёв,Канада,1998
32 декабря,комедия,Александр Муратов,Россия,2004
31-й километр,ужасы,Ригоберто Кастаньеда,"Мексика,Испания",2006
31 июня,музыкальный фильм,Леонид Квинихидзе,СССР,1978
31,Фильм ужасов,Роб Зомби,США,2016
30 Rock: A XXX Parody,порнофильм,Ли Рой Майерс,США,2009
30 свиданий,комедия,Татьяна Капитан,Россия,2016
30 ночей паранормального явления с одержимой девушкой с татуировкой дракона,комедийный,Крэйг Мосс,США,2012
30 дней ночи: Тёмные времена,триллер,Бен Кетай,США,2010
30 дней ночи,ужасы,Дэвид Слейд,"США,Новая Зеландия",2007
30 дней до рассвета,фильм ужасов,Андерс Банке,Швеция,2006
30 безумных желаний,независимый кинематограф,Питер Хатчингс,США,2018
29-я улица,комедия,Джордж Галло,США,1991
29 пальм,драма,Брюно Дюмон,"Франция,Германия,США",2003
29 Километр,драма,Леонид Андронов,Россия,2012
28 недель спустя,постапокалиптический,Хуан Карлос Фреснадильо,"Великобритания,США,Испания",2007
28 дней спустя,постапокалиптический,Дэнни Бойл,Великобритания,2002
28 дней,драма,Бетти Томас,США,2000
27-й день,научная фантастика,Уильям Эшер,США,1957
27 украденных поцелуев,комедия,Нана Джорджадзе,"Грузия,Франция,Германия,Россия",2000
27 Секунд памяти,документальный,Иван Качалин,"Россия,Чехия,Нидерланды",2019
27 свадеб,романтическая комедия,Энн Флетчер,США,2008
25-й час,криминальный фильм,Спайк Ли,США,2002
25 ватт,Комедийная драма,Хуан Пабло Ребелья,Уругвай,2001
24-25 не возвращается,детективный фильм,Алоиз Бренч,СССР,1968
24 часа: Искупление,боевик,Джон Кассар,"ЮАР,США,США",23 ноября
24 часа из жизни женщины,комедия,Нэнси Савока,США,1999
24 часа,триллер,Луис Мандоки,"США,Германия",2002
24 часа,боевик,Александр Атанесян,Россия,2000
24 недели,драматический фильм,Анна Зора Берашед,Германия,2016
24 кадра,драматический фильм,Аббас Киаростами,"Иран,Франция",2017
"23 - Всё не то, чем кажется",триллер,Ганс-Христиан Шмидт,Германия,1998
22 пули: Бессмертный,триллер,Ришар Берри,Франция,2010
22 минуты,боевик,Василий Сериков,Россия,2014
22 мили,боевик,Питер Берг,США,2018
22 июля,Драма,Пол Гринграсс,США,2018
21 ночь с Патти,комедия,Арно Ларье,Франция,2015
21 мост,драма,Брайан Кирк,США,2019
21 и больше,комедия,Джон Лукас,США,2013
21 грамм,Драма,Алехандро Гонсалес Иньярриту,США,2003
20 тысяч разновидностей пчёл,драматический фильм,Эстибалис Урресола Солагурен,Испания,2023
20 сигарет,драма,Александр Горновский,Россия,2007
20 сантиметров,комедия,Рамон Саласар,"Испания,Франция",2005
Автор,драма ,Мануэль Мартин Куенка,"Испания,Мексика",2017
Автопробег «Париж — Нью-Йорк»,фантастика,Жорж Мельес,"Франция,Нью-Йорк,Германия,Сибирь",1908
Автомобильные воры,драма,Дж. Стюарт Блэктон,США,[1]
"Автомобиль, скрипка и собака Клякса",комедия,Ролан Быков,СССР,1974
Автомобиль на крыше,"исторический, комедия, драма, экранизация",Дмитрий Кесаянц,СССР,1980
Автомобиль,фильм ужасов,Эллиот Силверштейн,США,1977
"Автомобили, которые съели Париж",фильм ужасов,Питер Уир,Австралия,1974
Автомат,документальный фильм,Лиза Гурвиц,США,2021
Автокатастрофа,драма,Дэвид Кроненберг,"Канада,Великобритания",1996
Автобусная остановка,комедийная,Джошуа Логан,США,1956
Автобус отходит в 6.20,драма,Ян Рыбковский,Польша,1954
Автобус,комедия,Арне Скуэн,Норвегия,1961
Автобан,боевик,Эрен Криви,"Германия,США,Великобритания",2016
Австрийское поле,драма,Андрей Черных,СССР,1991
Австрийка,драма,Пьер Гранье-Дефер,Франция,1989
Австралия,эпическая,Баз Лурман,"Австралия,США,Великобритания",2008
«Аврора»,драма,Оксана Байрак,Украина,2006
Авраам: Хранитель веры,драма,Джозеф Сарджент,"США,Италия,Великобритания",1994
Авиценна,Биографический фильм,Камиль Ярматов,СССР,1956
"Авива, любовь моя",драматический фильм,Шеми Зархин,Израиль,2006
Авиатор,фильм-биография,Мартин Скорсезе,"США,Япония",2004
Авиапочта,мелодрама,Ирвин Виллат,США,1925
"Авель, твой брат",психологическая,Януш Насфетер,Польша,1970
Аве Цезарь,комедия,Энтони Майкл Холл,США,1994
Аве Мария,драма,Людмила Ефименко,Украина,1999
Авдотья Павловна,киноповесть,Александр Муратов,СССР,1966
Августовские киты,драма,Линдсей Андерсон,США,1987
Августовская рапсодия,драма,Акира Куросава,Япония,1991
Август. Восьмого,военный,Джаник Файзиев,Россия,2012
Август: Графство Осейдж,драма,Джон Уэллс,США,2013
Август Раш,драма,Кирстен Шеридан,США,2007
Август без императора,драма,Сацуо Ямамото,Япония,1978
Август,комедия,Энтони Хопкинс,Великобритания,1996
«Аватар: Путь воды»,эпический фильм,Джеймс Кэмерон,США,2022
"Аватар, или Замена душ",фантастика,Януш Маевский,Польша,1964
Аватар 5,эпический фильм,Джеймс Кэмерон,США,2031
Аватар 4,эпический фильм,Джеймс Кэмерон,США,2029
Аватар 3,эпический фильм,Джеймс Кэмерон,США,2025
Аватар,эпический фильм,Джеймс Кэмерон,"США,Великобритания",2009
Аватар,мистическая ,Кармине Галлоне,Королевство Италия,1916
Авария,триллер,Джонатан Мостоу,США,1997
Авария,детектив,Джеймс Аллен,"ЮАР,США,Заир",1990
Авария (Несчастный случай),боевик,Серджиу Николаеску,Румыния,1976
Авария,детектив,Витаутас Жалакявичюс,СССР,1974
Авария,Детектив,Александр Абрамов,СССР,1965
Авария — дочь мента,драма,Михаил Туманишвили,СССР,1989
Аварийный выход,комедия,Роман Залуски,Польша,1982
Авантюристы,приключения,Константин Буслов,Россия,2014
Авантюристы,драма,Анри Вернёй,Франция,1984
Авантюристы,приключенческий фильм,Дэвид Макдональд,Великобритания,1951
Авантюрист,военная ,Чжан Пэйчэн,Китайская Республика,1976
Авантюра леди Хелен,короткометражный фильм,Дэвид Уорк Гриффит,США,1909
Авантюра,"комедия, шпионский фильм",Виталий Макаров,"Россия,Украина",1995
Аванти!,комедия,Билли Уайлдер,"США,Италия",1972
Аванпост,фильм-триллер,"Баранов, Егор Геннадьевич",Россия,2019
Авангард: Арктические волки,боевик,Стэнли Тонг,Китай,2020
Авалон,фантастика,Мамору Осии,"Япония,Польша",2001
Авалон,драма,Барри Левинсон,США,1990
Ава,драма,Леа Мисиус,Франция,2017
Абу Райхан Беруни,драма,Шухрат Аббасов,СССР,1974
Абсурдистан,Комедия,Файт Хельмер,"Германия,Азербайджан",2008
Абсолютные новички,драма,Джулиен Темпл,Великобритания,1986
Абсолютная сотня,криминал,Срджан Голубович,СР Югославия,2001
Абсолютная власть,драма,Даниэль Рагуссис,США,2016
Александра,драма,Александр Сокуров,Россия,2007
Александр. Невская битва,исторический фильм,Игорь Калёнов,Россия,2008
Александр Попов,кинобиография,Герберт Раппапорт,СССР,1949
Александр Пархоменко,Киноповесть,Леонид Луков,СССР,1942
Александр Невский,киноэпопея,Сергей Эйзенштейн,СССР,1938
Александр Маленький,драма,Владимир Фокин,"СССР,ГДР",1981
"Александр и ужасный, кошмарный, нехороший, очень плохой день",комедийный фильм,Мигель Артета,США,2014
Александр Великий,пеплум,Роберт Россен,"США,Испания",1956
Александр,биографическая,Оливер Стоун,"Франция,Германия,Великобритания,Италия,США,Нидерланды",2004
Алекс и Эмма,комедия,Роб Райнер,США,2003
Алеко,фильм-опера,Сергей Сиделёв,СССР,1953
Алджи-золотоискатель,комедия,Эдвард Уоррен,США,1912
Алголь. Трагедия силы,фантастика,Ханс Веркмайст,Германия,1920
Албанец,драматический фильм,Иоганнес Набер,"Германия,Албания",2010
Алая роза,Криминальная,Умэцугу Иноуэ,Япония,1963
Алая Роза,комедия,Марчелло Пальеро,Франция,1951
Алая камелия,криминальная драма,Ёситаро Номура,Япония,1964
Алая женщина,комедия,Жан Валер,"Франция,Италия",1969
Алая буква,Драма,Пён Хёк,Республика Корея,2004
Алая буква,драма,Ролан Жоффе,США,1995
Алая буква,мелодрама,Вим Вендерс,"ФРГ,Испания",1973
Алая буква,драма,Виктор Шёстрём,США,1926
Алая буква,драматический фильм,Джозеф В. Смайли,США,1911
Аланис,драматический фильм,Анаи Бернери,Аргентина,2017
Алан Партридж: Альфа Отец,комедия,Деклан Лоуни,"Великобритания,Франция",[1]
Аламо,Драма,Джон Ли Хэнкок,США,2004
Аладдин и его волшебная лампа,приключенческий фильм,Тим Бёртон,США,1986
Аладдин,комедия,Гай Ричи,США,2019
Алавердоба,притча,Георгий Шенгелая,СССР,1962
Акция,военный фильм,Владимир Шамшурин,СССР,1987
Акулы,боевик,Боб Мисиоровски,"США,Израиль,ЮАР",1999
Акулосьминог,ужасы,Деклан О’Брайен,США,2010
Акулий торнадо 5: Глобальное роение,комедийный,Энтони Ферранте,США,2017
Акулий торнадо 4: Пробуждение,комедийный,Энтони Ферранте,США,2016
Акулий торнадо 3,комедийный,Энтони Ферранте,США,2015
Акулий торнадо 2: Второй по счёту,ужасы,Энтони Ферранте,США,2014
Акулий торнадо,фильм-катастрофа,Энтони Ферранте,США,2013
Акула-робот,Фантастика,Джеффри Скотт Ландо,,2015
Акула-монстр,боевик,Ламберто Бава,"Италия,Франция",1984
Акты насилия,боевик,Бретт Доноху,"Канада,США",2018
Актрисы,драматический фильм,Ли Джэ Ён,Республика Корея,2009
Актриса и трансильванцы,вестерн,Мирча Верою,Румыния,1979
Актриса,мелодрама,Леонид Трауберг,СССР,1942
Активная зона,драматический фильм,Леонид Пчёлкин,СССР,1979
Актёры,комедия,Бертран Блие,Франция,2000
Актёры,"комедия, криминал",Конор МакФерсон,"Великобритания,Германия,Ирландия",2003
Актер Йоллер,драма,Вирве Аруоя,СССР,1960
Акт убийства,Фильм нуар,Майкл Гордон,США,1948
Акт убийства,документальный,Джошуа Оппенхаймер,"Великобритания,Дания,Норвегия",2012
Акт насилия,Фильм нуар,Фред Циннеман,США,1948
Акт агрессии,криминальный фильм,Жерар Пирес,"Франция,Италия",1975
Акт,мелодрама,Александр Рогожкин,Россия,1993
Аксели и Элина,драма,Эдвин Лайне,Финляндия,1970
Акселератка,комедийный,Алексей Коренев,СССР,1987
Акробатическая смесь,хроника,Макс Складановский,Германская империя,1895
"Акмаль, дракон и принцесса",сказка,Юрий Степчук,СССР,1981
Аккумулятор 1,фантастика,Ян Сверак,Чехия,1994
Аккорды долгой жизни,биографический фильм,Анар Рзаев,СССР,1981
Аккордеонист,Документальное кино,Луи Лепренс,Великобритания,1888
Аккомпаниаторша,драма,Клод Миллер,Франция,1992
Аккатоне,драма,Пьер Паоло Пазолини,Италия,1961
Аквариум или одиночество шпиона,драма,Энтони Краузе,"Германия,Польша,Украина",1996
Аквариум,драма,Андреа Арнольд,Великобритания,2009
Акварель,драма,Отар Иоселиани,СССР,1958
Амитивилль 4: Зло спасается,ужасы,Сэндэр Стерн,США,1989
Амитивилль 3-D,ужасы,Ричард Флейшер,"США,Мексика",1983
Амитивилль 2: Одержимость,ужасы,Дамиано Дамиани,"США,Мексика",1982
Амистад,историческая,Стивен Спилберг,США,1997
Аминь,Драма,Коста-Гаврас,"Франция,Германия,Румыния",2002
Америкэн бой,детективный фильм,Борис Квашнёв,Украина,1992
Американцы,драма,Джеймс Фоули,США,1992
Американское чтиво,драматический фильм,Корд Джефферсон,США,2023
Американское сердце,драма,Мартин Белл,США,1992
Американское преступление,драма,Томми О’Хейвер,США,10 мая 2008
Американское безумие,драматический фильм,Фрэнк Капра,США,1932
Американский солдат,драма,Райнер Вернер Фасбиндер,ФРГ,1970
Американский самурай,боевик,Сэм Ферстенберг,США,1992
Американский психопат 2,Чёрная комедия,Морган Дж. Фриман,США,2002
Американский психопат,криминал,Мэри Хэррон,"США,Канада",2000
Американский президент,комедия,Роб Райнер,США,1995
Американский пирог: Свадьба,кинокомедия,Джесси Дилан,США,2003
Американский пирог: Все в сборе,комедия,Хейден Шлоссберг,США,2012
Американский пирог представляет: Правила для девочек,комедия,Майк Эллиот,США,2020
Американский пирог представляет: Книга любви,комедия,Джон Путч,"США,Канада",2009
Американский пирог представляет: Переполох в общаге,кинокомедия,Эндрю Уоллер,"США,Канада",2007
Американский пирог представляет: Голая миля,кинокомедия,Джо Нуссбаум,"США,Канада",2006
Американский пирог представляет: Музыкальный лагерь,комедия,Стив Рэш,"США,США",2005
Американский пирог 2,Комедия,Джеймс Роджерс,США,2001
Американский пирог,комедия,Пол Вайц,США,1999
Американский огурчик,кинокомедия,Брэндон Трост,США,2020
Американский оборотень в Париже,комедийный фильм ужасов,Энтони Уоллер,"США,Великобритания,Франция,Нидерланды,Люксембург",1997
Американский оборотень в Лондоне,комедийный фильм ужасов,Джон Лэндис,"США,Великобритания",1981
Американский ниндзя 5,боевик,Бобби Джин Леонард,США,1993
Американский ниндзя 4: Разрушение,боевик,Седрик Сандстром,США,1991
Американский ниндзя 3: Кровавая охота,боевик,Седрик Сандстром,США,1989
Американский ниндзя 2,боевик,Сэм Фёрстенберг,США,1985
Американский ниндзя,боевик,Сэм Фёрстенберг,"США,Филиппины",1985
Американский неудачник,биографический,Эндрю Эрвин,США,2021
Американский киборг: Стальной воин,боевик,Боаз Дэвидсон,США,1993
Американский жиголо,мелодрама,Пол Шредер,США,1980
Американский дьявол,триллер,Эш Эвилдсен,США,2017
Американский друг,драма,Вим Вендерс,"ФРГ,Франция",1977
Американский дедушка,Комедия,Иван Щёголев,Россия,1993
Американский грайндхаус,документальный,Элайджа Дреннер,США,2010
Американский боевой корабль,мокбастер,Тандер Левин,США,2012
Вон Фэйхун: Лев западных земель,боевик,Саммо Хун,Гонконг,1997
Американские молнии,спортивный,Джон Бэдэм,США,1985
Американские животные,криминальная ,Барт Лэйтон,"Великобритания,США",2018
Американские детки,Комедия,Джош Столберг,США,2005
Американские граффити,комедийная драма,Джордж Лукас,США,1973
Американские горки,криминальная драма,Джеб Стюарт,США,1997
Американские бродяги,комедия,Майкл Коверт,США,1996
Американская трагедия,судебная драма,Лоуренс Шиллер,США,ноябрь 2000
Американская трагедия,драма,Марийонас Гидрис,СССР,
Американская трагедия,драматический фильм,Джозеф фон Штернберг,США,1931
Американская сказка,фэнтези,Дэвид Цукер,США,2008
Американская рапсодия,биографический фильм,Эва Гардос,"США,Венгрия",2001
Американская пастораль,драма,Юэн Макгрегор,США,2016
Американская ночь,трагикомедия,Франсуа Трюффо,"Франция,Италия",1973
Американская Мэри,фильм ужасов,Джен Соска,Канада,2012
Американская милашка,Роуд-муви,Андреа Арнольд,"Великобритания,США",2016
Американская мечта,комедия,Пол Вайц,США,2006
Американская история Икс,драма,Тони Кэй,США,1998
Американская интрижка,комедия,Уильям Олсон,США,2008
Американская звезда,триллер,Гонсало Лопес-Гальего,"США,Великобритания",2024
Американская жестокость,криминальный фильм,Тимоти Вудворд мл.,США,2016
Американская дочь,трагикомедия,Карен Шахназаров,"Россия,США",1995
Американская девочка,подростковый фильм,Джордан Брэйди,США,2002
Антураж,комедия,Даг Эллин,США,2015
Антуан и Антуанетта,комедия,Жак Беккер,Франция,1947
Антропофаг,фильм ужасов,Джо Д'Амато,Италия,1980
Антропоид,военная драма,Шон Эллис,"Чехия,Великобритания,Франция",2016
Антрацит,"социальная драма,  производственный фильм",Александр Сурин,СССР,1971
Антракт,фэнтезийный фильм,Рене Клер,Франция,1924
Антошу корсет погубил,комедия,Эдвард Пухальский,Российская империя,1916
Антоша Рыбкин,военный фильм,Константин Юдин,СССР,1942
Антония: Портрет женщины,документальный,Джилл Годмилоу,США,1974
Антония,драма,Марлен Горрис,"Нидерланды,Бельгия,Великобритания",1995
«Антоний и Клеопатра»,мелодрама,Чарлтон Хестон,Великобритания,1972
Антоний и Клеопатра,короткометражный,Чарльз Кент,США,1908
"Антон Шпелец, снайпер",комедия,Мартин Фрич,Чехословакия,1932
Антон Чехов,драма,Рене Фере,Франция,2015
Антон тут рядом,документальное кино,Любовь Аркус,Россия,2012
Антон Иванович сердится,комедия,Александр Ивановский,СССР,1941
Антихрист,драма,Ларс фон Триер,"Франция,Германия,Италия,Швеция,Дания,Польша",2009
Антихрист,фантастическая драма,Эдвард Пухальский,Российская империя,1915
Антифауст,"мистика, драма",Георг Фризен,"Россия,Германия",[1]
Антитела,триллер,Кристиан Альварт,Германия,2005
Антисекс,драма,Ренато Кастеллани,"Италия,Франция",1964
Антимоз Ивериели,Исторический,Гиули Чохонелидзе,Грузия,2001
Антикиллер Д.К.,Боевик,Эльдар Салаватов,Россия,2009
Антикиллер 2: Антитеррор,Боевик,Егор Михалков-Кончаловский,Россия,2003
Антикиллер,боевик,Егор Кончаловский,Россия,2002
Антидурь,комедия,Владимир Щегольков,Россия,2007
Антивирус,фильм ужасов, Брэндон Кроненберг ,"Канада,Франция",2012
Антенна,фэнтезийный фильм,Эстебан Сапир,Аргентина,2007
Антек-полицмейстер,комедия,Юлиуш Гардан,Польша,1935
Антебеллум,психологический триллер,Джерард Буш ,США,2020
Антарктическая повесть,драма,Сергей Тарасов,СССР,1979
Антарктическая история,приключенческий фильм,Корэёси Курахара,Япония,1983
Ансамбль,комедия,Ави Нешер,Израиль,1978
Анонимные романтики,романтическая комедия,Жан-Пьер Амери,"Франция,Бельгия",2010
Аноним,фильм-биография,Роланд Эммерих,"Германия,Великобритания,США",2011
Анон,антиутопический фильм,Эндрю Никкол,Великобритания,2018
Аннычка,драма,Борис Ивченко,СССР,1968
Аннушка,драма,Борис Барнет,СССР,1959
Аннигиляция,научная фантастика,Алекс Гарленд,"Великобритания,США",2018
Аннетт,мюзикл,Леос Каракс,"Франция,Германия,Бельгия",2021
Анна: от 6 до 18,документальный фильм,Никита Михалков,"Россия,Франция",1993
Анна Эйдеш,"драма, экранизация",Золтан Фабри,Венгрия,1958
Анна Тристер,Мелодрама,Леа Пул,Канада,1986
Анна свободна,Мелодрама,Венди Джо Карлтон,США,2009
Анна Политковская: семь лет на линии фронта,Документальный фильм,Мария Новикова,Нидерланды,2008
Анна Павлова,драма,Эмиль Лотяну,"СССР,Великобритания,ГДР,Куба,Франция",
Анна Николь,биография,Киони Уоксмен,США,2007
Анна на шее,драма,Исидор Анненский,СССР,1954
Анна Лукаста,Фильм нуар,Ирвинг Рэппер,США,1949
Анна Кристи,драма,Кларенс Браун,США,1930
«Анна Каренина. История Вронского»,драма,Карен Шахназаров,Россия,2017
Анна Каренина,историческая,Джо Райт,"Великобритания,США",2012
Анна Каренина,драма,Сергей Соловьёв,Россия,2009
Анна Каренина,драма,Бернард Роуз,"США,Россия,Великобритания",1997
Анна Каренина,мелодрама,Саймон Лэнгтон,США,26 марта
«Анна Каренина»,драма,Александр Зархи,СССР,1967
Анна Каренина,драма,Жюльен Дювивье,Великобритания,1948
Анна Каренина,мелодрама,Кларенс Браун,США,1935
Анна Каренина,драма,Владимир Гардин,Российская империя,1914
Анна Каренина,короткометражный,Морис Метр,Российская империя,1911
Анна Каренина,фильм-балет,Маргарита Пилихина,СССР,1974
Анна Каренина,драма,Кристиан Дюгей,"Италия,Франция,Германия,Испания",2013
Анна Карамазофф,Драма,Рустам Хамдамов,"СССР,Франция",1991
Анна и Элизабет,драма,Франк Висбар,Нацистская Германия,1933
Атаман Кодр,драма,Михаил Калик,СССР,1958
Аталия,трагедия,Мишель Карре,Франция,1910
Аталанта,мелодрама,Жан Виго,Франция,1934
Атакующая группа «Зет»,боевик,Тим Бёрсталл,Австралия,1982
Атаки 26/11,триллер,Рам Гопал Варма,Индия,2013
Атака титанов,фантастика,Синдзи Хигути,Япония,2015
Атака пауков,ужасы,Эллори Элкайем,"США,Австралия,Германия",2002
Атака на Пёрл-Харбор,военный,Идзуру Нарусима,Япония,2011
Атака мертвецов: Осовец,военный,Василий Чигинский,"Россия,Белоруссия",2018
Атака лёгкой кавалерии,исторический фильм,Тони Ричардсон,Великобритания,1968
Атака лёгкой кавалерии,мелодрама,Майкл Кёртис,США,1936
Атака лёгкой кавалерии,драматический фильм,Джеймс Сирл-Доули,США,1912
Атака куриных зомби,комедия,Ллойд Кауфман,США,2006
Атака крабов-монстров,ужасы,Роджер Корман,США,1956
Атака Коммандос,боевик,Бруно Маттеи,Италия,1987
Атака Годзиллы,приключения,Исиро Хонда,Япония,1969
Атака,кинодрама,Игорь Николаев,СССР,1986
Ася,драма,Рути Прибар,Израиль,2020
Ася,мелодрама,Иосиф Хейфиц,"СССР,ГДР",1977
Асы в небе,драма,Джек Голд,"Великобритания,Франция",1976
Асфальтовые джунгли,нуарный,Джон Хьюстон,США,1950
Асфальт,драматический фильм,Джоэ Май,Германия,1929
Астронавт,фантастика,Юхан Ренк,США,2024
Астролог,романтика,Крейг Денни,США,1976
Астрал: Новое измерение,ужасы,Крис Мул,Великобритания,2018
Астрал: Глава 2,фильм ужасов,Джеймс Ван,США,2013
Астрал 5: Красная дверь,фильм ужасов,Патрик Уилсон,США,2023
Астрал 4: Последний ключ,фильм ужасов,Гарри Робител,Великобритания,2018
Астрал 3,фильм ужасов,Ли Уоннелл,США,2015
Астрал,фильм ужасов,Джеймс Ван,"США,Канада",2010
Астрал,фильм ужасов,Джеймс Ван,США,
Астерикс на Олимпийских играх,комедия,Тома Лангманн,"Франция,Германия,Бельгия,Италия,Испания",2008
Астерикс и Обеликс: Поднебесная,комедия,Гийом Кане,Франция,2023
Астерикс и Обеликс: Миссия «Клеопатра»,комедия,Ален Шаба,"Франция,Германия",2002
Астерикс и Обеликс против Цезаря,приключения,Клод Зиди,"Франция,Италия,Германия",1999
Астерикс и Обеликс в Британии,комедия,Лоран Тирар,"Франция,Италия,Испания,Венгрия",2012
Астенический синдром,драма,Кира Муратова,СССР,1989
Ассоциация злоумышленников,приключенческий фильм,Клод Зиди,Франция,1987
Ассоль,мелодрама,Борис Степанцев,СССР,1982
Ассистентка,психологическая драма,Дени Деркур,Франция,2006
Асса,драма,Сергей Соловьёв,СССР,1987
Асоциальная сеть,триллер,Тиллер Расселл,США,2020
"Асиф, Васиф, Агасиф",детский фильм,Расим Исмайлов,СССР,1983
Асако 1 и 2,драматический фильм,Рюсукэ Хамагути,"Япония,Франция",2018
Ас из асов,комедия,Жерар Ури,"Франция,ФРГ",1982
Арья 2,боевик,Сукумар,"Индия,Индия",2009
Арье,Драма,Роман Качанов,"Россия,Израиль,Литва",2004
Аршин мал алан,музыкальная комедия,Тофик Таги-Заде,"СССР,Азербайджанская ССР",1965
Аршин мал алан,Музыкальная комедия,Рза Тахмасиб,"СССР,Азербайджанская ССР",1945
Аршин мал алан,мелодрама,Сетраг Вартян,США,1937
Аршин мал алан,музыкальная комедия,Борис Светлов,Российская империя,1916
Архитектура блокады,документальный,Максим Якубсон,Россия,2020
Архитекторы страха,фантастика,Байрон Хаскин,США,1963
Архитектор,Драма,Мэтт Таубер,США,2006
Архипелаг,драматический фильм,Джоанна Хогг,Великобритания,2010
Архипелаг,исторический,Алексей Тельнов,Россия,2021
Архангельский мужик,документальный фильм,Марина Голдовская,СССР,1986
Архангел,триллер,Джон Джонс,Великобритания,2005
Архангел,Мелодрама,Гай Мэддин,Канада,1990
Артур. Идеальный миллионер,комедия,Джейсон Уайнер,США,2011
"Артур Ньюман, профессионал гольфа",комедийная драма,Данте Ариола,США,2012
Артур и минипуты,Мультфильм,Люк Бессон,"Франция,США",2006
Артур и месть Урдалака,мультфильм,Люк Бессон,"Франция,США",2009
Артур и война двух миров,мультфильм,Люк Бессон,Франция,2010
Балерина,драма,Александр Згуриди,Россия,1993
Балда,комедия,Уинчел Смит,США,1920
Балбесы,,Ричард Доннер,США,1985
Баламут,комедия,Владимир Роговой,СССР,1978
Балалайка,драма,Али Озгентюрк,Турция,2000
Балалайка,мюзикл,Райнхольд Шюнцель,США,1939
Балаган,трагикомедия,Андрей Бенкендорф,СССР,1990
Бала,документальный фильм,Сатьяджит Рай,Индия,1976
Бал-маскарад,драматический фильм,Альфред Деэши,Австро-Венгрия,1917
Бал пожарных,комедия,Милош Форман,"Чехословакия,Италия",1967
Бал официантов,комедия,Роско Арбакл,США,1916
Бал монстров,драма,Марк Форстер,США,2001
Бал вампиров,комедийный,Роман Полански,"Великобритания,США",1967
Бал в доме Андзё,драма,Кодзабуро Ёсимура,Япония,1947
Бал безумных женщин,драматический фильм,Мелани Лоран,Франция,2021
Бал,музыкальный фильм,Этторе Скола,"Франция,Италия,Алжир",1983
Бакстер,романтическая комедия,Майкл Шоуолтер,США,2005
Бакуки,исторический фильм,Виктор Турин,СССР,1938
Баки Ларсон: Рождённый быть звездой,комедия,Том Брейди,США,2011
Бакенбарды,комедия,Юрий Мамин,СССР,1990
Бак Роджерс в XXV веке,боевик,Дэниел Хэллер,США,1979
Байрон,драма,Джулиан Фарино,Великобритания,27 сентября
Байки у костра,фильм ужасов,Мартин Кунерт,США,1997
Кровавый бордель,Фильм ужасов,Гилберт Адлер,США,1996
Байки из склепа: Демон ночи,Фильм ужасов,Эрнест Дикерсон,США,1995
Байки из склепа,комедия ужасов,Фредди Фрэнсис,"США,Великобритания",1972
Байкеры 3,боевик,Виджай Кришна Ачария,Индия,2013
Байкеры 2: Настоящие чувства,боевик,Санджай Гадхви,"Индия,Индия",2006
Байкеры,драматический фильм,Джефф Николс,США,2023
Байкеры,боевик,Санджай Гадхви,"Индия,Индия",2004
Байкеры,мелодрама,Реджи Рок Байтвуд,США,2003
Байкеры,боевик,Мишель Жетте,Канада,2000
Байкерши в городе зомби,чёрная комедия,Дэн Хоскинс,США,1989
Байкер-убийца,боевик,Том Каллоуэй,США,1999
Байка,драма,,СССР,1987
Байджу Бавра,музыкальный фильм,Виджай Бхатт,Индия,1952
БайБайМэн,фильм ужасов о сверхъестественном,Стэйси Тайтл,США,2017
Бай и батрак,,,,
База мёртвых людей,"драма, экранизация",Чеслав Петельский,ПНР,1958
База,боевик,Марк Лестер,США,1999
База «Клейтон»,боевик,Джон Мактирнан,США,2003
Бадья крови,комедия,Роджер Корман,США,1959
Баджирао и Мастани,биографический фильм,Санджай Лила Бхансали,Индия,2015
Багси Мэлоун,комедия,Алан Паркер,Великобритания,1976
Багси,байопик,Барри Левинсон,США,1991
Багряный занавес,историческая ,Александр Астрюк,Франция,1952
Багровый цвет снегопада,драма,Владимир Мотыль,Россия,2009
Багровый прилив,драма,Тони Скотт,США,1995
Багровый пик,ужасы,Гильермо дель Торо,"США,Канада",2015
Багровый коготь,детектив,Рой Уильям Нил,США,1944
Багровые реки 2: Ангелы апокалипсиса,триллер,Оливье Даан,"Франция,Великобритания,Италия",2004
Багровые реки,триллер,Матьё Кассовиц,Франция,2000
Багровое золото,драма,Джафар Панахи,Иран,2003
Багровая мята,боевик,Пьер Морель,США,2018
Багровая мгла,Ужасы,Пэдди Бретнэк,Великобритания,2008
Багратион,историко,Гиули Чохонелидзе,СССР,1985
БАгИ,драма,Андрей Богатырёв,Россия,2011
Багдадский вор,приключенческий фильм,Людвиг Бергер,Великобритания,1940
Багдадский вор,сказка,Рауль Уолш,США,1924
Багажник,триллер,Донован Винтер,Великобритания,1961
Бабье царство,Военная,Алексей Салтыков,СССР,1967
Бабы рязанские,драма,Ольга Преображенская,СССР,1927
Бабы,драма,Владимир Баталов,СССР,1940
Бабушкина лупа,короткометражка,Джордж Альберт Смит,Великобритания,1900
"Беги, толстяк, беги",комедия,Дэвид Швиммер,Великобритания,2007
"Беги, сука, беги",триллер,Джозеф Гузман,США,2009
"Беги, Лола, беги",триллер,Том Тыквер,Германия,1998
"Беги, если сможешь!",драма,Дитрих Брюггеманн,Германия,2010
Беги без оглядки,боевик,Уэйн Крэймер,"США,Германия",2006
Беги,триллер,Джофф Барроус,США,1991
"Бегемот, морской монстр",научная фантастика,Эжен Лурье,"Великобритания,США",1959
Бег по солнечной стороне,драма,Олег Кавун,Россия,1992
Бег от смерти,"боевик, драма, криминал",Виктор Дерюгин,Белоруссия,1996
Бег на месте,драма,Сидни Люмет,США,1988
Бег иноходца,мелодрама,Сергей Урусевский,СССР,1968
Бег зайца через поля,гангстерский фильм,Рене Клеман,Франция,1972
Бег,кинороман,Александр Алов,СССР,1970
Бег,кинодрама,Здравко Шотра,Югославия,1968
Бег,историческая драма,Филипп Жулиа,Франция,1971
Беатриче Ченчи,драматический фильм,Риккардо Фреда,"Италия,Франция",1956
Беатрис на ужине,"комедия, драма",Мигель Артета,"США,Канада",2017
Башня ужаса,фильм ужасов,Ди Джей Макхейл,США,26 октября
Башня смерти,фильм о боевых искусствах,Ын Сиюнь,Гонконг,1981
Башня смерти,триллер,Джерри Джеймсон,США,18 октября
Башня без тени,драматический фильм,Чжан Люй,Китай,2023
Башня,драматический фильм,Ким Джихун,Республика Корея,2012
Башня,драма,Виктор Трегубович,СССР,1987
Башня,авангард,Рене Клер,Франция,1928
Башни-близнецы,фильм-катастрофа,Оливер Стоун,США,2006
Башмачник,Комедия,Владимир Зайкин,Россия,2002
Башмаки рыбака,драма,Майкл Андерсон,США,1968
Баши-Ачук,Приключения,Лео Эсакия,"СССР,Грузинская ССР",1956
Бахчисарайский фонтан,Исторический,Яков Протазанов,Российская империя,1910
Бахубали: Рождение легенды,фэнтези,С. С. Раджамаули,Индия,2017
Бахубали: Начало,фэнтези,С. С. Раджамули,Индия,2015
"Бахтияр, или Любимая песня",комедия,Лятиф Сафаров,СССР,1955
Бахтияр,биографический фильм,Ага-Рза Кулиев,"СССР,Азербайджанская ССР",1942
Баффи — истребительница вампиров,фильм ужасов,Фрэн Рубел Кузуи,США,1992
Баффало 66,драма,Винсент Галло,США,1998
Баунти,приключенческий фильм,Роджер Дональдсон,"Великобритания,США",1984
Батя,комедия,Дмитрий Ефимович,Россия,2021
Батька,"драма, военный фильм",Борис Степанов,СССР,1971
"Баттерфилд, 8",драма,Дэниэл Манн,США,1960
Испанская горячка,драма,Рафаэль Монлеон,Испания,1988
Батл-Крик,независимый кинематограф,Элисон Иствуд,США,2017
Батарейки не прилагаются,фантастика,Мэттью Роббинс,США,1987
Батарейка,драма,Джереми Гарднер,США,2012
«Батальоны просят огня»,военный фильм,Владимир Чеботарёв,СССР,1985
Батальонъ,драма,Дмитрий Месхиев,Россия,2015
Батальон иностранного легиона,драма,Жюльен Дювивье,Франция,1935
Бастион,криминальный фильм,Орен Моверман,США,2011
Бастион,триллер,Эрик Стивен Стал,США,1998
Бастер,драма,Дэвид Грин,Великобритания,1988
«Бассейн»,драма,Франсуа Озон,"Франция,Великобритания",2003
Бассейн,слэшер,Борис фон Зиховски,Германия,2001
Бассейн,детектив,Жак Дере,"Франция,Италия",1969
Баския,драма,Джулиан Шнабель,США,1996
Баскетболистка № 5,драма,Се Цзинь,Китай,1957
Баскетбол в стиле Кунг-фу,Комедия,Чу Иньпинь,"Китай,Гонконг,Китайская Республика",2008
Барьер неизвестности,"Фантастика, мелодрама",Никита Курихин,СССР,1961
Барьер,драма,Христо Христов,НРБ,1979
Барьер,психологическая драма,Ежи Сколимовский,Польша,1966
Барьер,приключенческий фильм,Джордж Хилл,США,1926
Барышня-крестьянка,мелодрама,Алексей Сахаров,Россия,1995
Барышня-крестьянка,драма,Ольга Преображенская,Российская империя,1916
Барышня из спецвагона,комедия,Михал Вашиньский,Польша,1935
Барышня и хулиган,драма,Евгений Славинский,РСФСР,1918
Барышня и хулиган,телевизионный балет,Аполлинарий Дудко,СССР,1970
Безумие доктора Тюба,авангард,Абель Ганс,Франция,1915
Безумие,драма,Джонатан Левайн,США,2008
Безумие,"драма,",Дэвид Маккензи,"Великобритания,Ирландия",2005
Безумие,драма,Себастьен Лифшиц,"Франция,Бельгия,Великобритания",2004
Безумие,триллер,Дэнни Хьюстон,США,1995
Безумие,комедия,Фредди Фрэнсис,Великобритания,1974
Безумец из Мандораса,боевик,Дэвид Брэдли,США,1963
Безумец Джеппо,комедия,Адриано Челентано,Италия,1978
Безумец,слэшер,Джей Джанноне,США,1982
Безудержная,драма,Майкл Фейфер,США,2010
Безродные звери,военная,Кэри Дзодзи Фукунага,США,2015
Безрассудные,комедия,Норман Рене,США,1995
Безразличие,Лирическая комедия,Олег «Флянц» Флянгольц,СССР,
Безрадостный переулок,драматический фильм,"Пабст, Георг Вильгельм",Германия,1925
Безрадостные мгновения,драма,Майк Ли,Великобритания,1971
Безотцовщина,драма,Владимир Шамшурин,СССР,1976
Безответная любовь,мелодрама,Андалиб Султанпури,Индия,1999
Безответная любовь,Драма,Андрей Малюков,СССР,1979
Безопасный проход,драма,Робер Аллан Акерман,США,1994
Безопасность прениже всего!,комедийный,Фред Ньюмайер,США,1923
Безопасность не гарантируется,комедия,Колин Треворроу,США,2012
Безопасность вещей,драма,Роуз Троше,"Великобритания,США,Канада",2001
Безопасность без границ,комедия,Майкл Хуэй,Гонконг,1981
Безопасность,драма,Тодд Хейнс,США,1995
Безопасное освещение,драма,Тони Алупис,США,2015
Безнадёга,драма,Мик Гаррис,США,2006
Безмолвный свидетель,немое кино,Джеральд Портер,США,
Безмолвный свет,драма,Карлос Рейгадас,"Мексика,Франция,Нидерланды,Германия",2007
Безмолвный охотник,боевик,Фред Уильямсон,"Канада,США,ФРГ",1995
Безмолвный крик,агитационный,Джек Дуэйн Дэбнер,США,1984
Безмолвный гнев,фильм ужасов,Майкл Миллер,США,1982
Безмолвные свидетели,боевик,Ренни Харлин,"Китай,Гонконг",2019
Безмолвная схватка,детектив,Брюс Бересфорд,США,1994
Безмолвная звезда,научно-фантастический,Курт Метциг,"ГДР,Польша",1960
Безмолвие,комедия,Рон Андервуд,США,1994
Безликий демон,научно-фантастический фильм,Артур Крэбтри,Великобритания,1958
Безликий,боевик,Джон  Глен,"Великобритания,Франция,Люксембург",2001
Беззаконие,нуар,Льюис Аллен,США,1955
Беззаконие,комедия,Константин Юдин,СССР,1953
Беззаботная,комедия,Майк Ли,Великобритания,2008
Безжалостный 4,триллер,Олей Сэссон,США,1994
Безжалостный 3,триллер,Джеймс Леммо,США,1993
Безжалостный 2,боевик,Майкл Шредер,США,1990
Безжалостный,триллер,Уильям Лустиг,США,1989
Безжалостный,Фильм нуар,Эдгар Г. Ульмер,США,1948
Безжалостные люди,комедия,Джим Абрахамс,США,1986
Безжалостная женщина,драма,Леа Пул,"Канада,Швейцария",1991
Бездорожье,драматический фильм,Мауро Болоньини,"Франция,Италия",1961
Бездомный пёс,драма,Бету Брант,Бразилия,2007
Бездомный пёс,драма,Акира Куросава,Япония,1949
Бездомные твари,триллер,Джон Макферсон,США,1991
"Бездна, круг седьмой",драма,Владимир Басов,Россия,1993
Бездна,фантастика,Джеймс Кэмерон,США,1989
Бездна,приключенческий фильм,Питер Йетс,США,1977
Бездна,драма,Владислав Ленчевский,"Российская империя,Царство Польское",1916
Безвыходная ситуация,комедийный фильм,Юнас Окерлунд,США,2012
Безвозвратный путь,Криминальная драма,Парвиз Сагхизаде,США,2009
Безбрежное Саргассово море,драма,Джон Дайган,Австралия,1993
Безбрачная неделя,комедия,Бобби Фаррелли,США,2011
Безбожница,драма,Сесиль Б. де Милль,США,1929
Безбилетник,комедия,Пепе Данкварт,Германия,1993
Безбилетная пассажирка,лирическая комедия,Юрий Победоносцев,СССР,1978
Без чувств,комедия,Пенелопа Сфирис,США,1998
Без царя в голове,романтическая комедия,Фред Ньюмайер,США,1930
Белый флюгер,детский фильм,Давид Кочарян,СССР,1969
Белый ужас,приключенческий фильм,Пол Красни,США,1994
Белый тигр,драматический фильм,Рамин Бахрани,"США,Индия",2021
«Белый тигр»,военная,Карен Шахназаров,Россия,2012
Белый список,драма,Алиса Хазанова,Россия,2023
Белый снег России,драма,Юрий Вышинский,СССР,1980
Белый снег,,Николай Хомерики,Россия,2021
Белый слон,боевик,Джесси Джонсон,США,2022
Белый рояль,музыкальная комедия,Мукадас Махмудов,СССР,1968
Белый пудель,драма,Марианна Рошаль,СССР,1955
Белый призрак,боевик,Дасти Нельсон,США,1987
Белый плен,приключенческий фильм,Фрэнк Маршалл,США,2006
Белый пароход,драма,Болотбек Шамшиев,СССР,1976
Белый парень Рик,криминальный фильм,Ян Деманж,США,2018
"Белый охотник, чёрное сердце",драма,Клинт Иствуд,США,1990
Белый орёл,историческая ,Яков Протазанов,СССР,1928
Белый олеандр,драма,Питер Козмински,США,2002
Белый негр,драма,Леонард Бучковский,Польша,1939
Белый мотылёк,драма,Морис Турнёр,США,1924
Белый медведь калибра 9 мм,боевик,Тиль Швайгер,Германия,1998
Белый материал,драма,Клер Дени,"Франция,Камерун",2009
"Белый король, красная королева",мелодрама,Сергей Бодров (старший),"Россия,Германия,Франция,Швейцария",1992
Белый корабль,военная,Роберто Росселлини,Королевство Италия,1941
Белый клык 2: Легенда о белом волке,приключенческий фильм,Кен Олин,США,1994
Белый клык,экранизация романа,Александр Эспигарес,"Франция,США,Люксембург",2018
Белый Клык,приключенческий фильм,Рэндал Клайзер,США,1991
Белый Клык,киноповесть,Александр Згуриди,СССР,1946
Белый квадрат,мелодрама,Шарип Бейсембаев,СССР,1970
Белый карлик,научно-фантастический фильм,Питер Маркл,США,1995
Белый караван,драма,Тамаз Мелиава,СССР,1963
Белый зомби,драма,Виктор Гальперин,США,1932
Белый дьявол,историческая ,Александр Волков,Германия,1930
Белый дворец,мелодрама,Луисом Мандоки,США,1990
Белый ворон,мелодрама,Валерий Лонской,СССР,1980
Белый викинг,драма,Храбн Гюднлёйгссон,"Норвегия,Дания,Швеция",1991
Белый взрыв,драма,Станислав Говорухин,СССР,1969
Белый бриллиант,документальный,Вернер Херцог,"Германия,Великобритания,Япония",2004
Белый Бог,драма,Корнель Мундруцо,"Венгрия,Германия,Швеция",2014
Белый Бим Чёрное ухо,драма,Станислав Ростоцкий,СССР,1977
Белый бизон,вестерн,Джей Ли Томпсон,США,1977
Белый башлык,истерн,Владимир Савельев,СССР,1975
Белый апач,Спагетти-вестерн,Клаудио Фрагассо,"Италия,Испания",1986
Белый ангел,триллер,Крис Джонс,Великобритания,1994
Белый ад Пиц Палю,горный фильм,Арнольд Фанк,Германия,
Белый автобус,драма,Линдсей Андерсон,Великобритания,1967
"Белые, белые аисты",социальная ,Али Хамраев,СССР,1966
Белые цыпочки,комедия,Кинен Айвори Уэйанс,США,2004
Белые флаги,драма,Гига Лордкипанидзе,СССР,1990
Белые тучи,драма,Роллан Сергиенко,СССР,1968
Белые росы. Возвращение,комедия,Александра Бутор,Белоруссия,2014
Белые росы,трагикомедия,Игорь Добролюбов,СССР,1983
